Nome;Idade;Momento Inicial;Percentil;# Respostas Corretas;# Respostas Incorretas;Resposta esperada;Resposta dada;Tempos;Validez
whatever;10;17/05/2017 09:53:10;1;6;30;4;1;1166;INVÁLIDO
whatever;10;17/05/2017 09:53:10;1;6;30;5;1;332;INVÁLIDO
whatever;10;17/05/2017 09:53:10;1;6;30;1;1;375;INVÁLIDO
whatever;10;17/05/2017 09:53:10;1;6;30;2;1;342;INVÁLIDO
whatever;10;17/05/2017 09:53:10;1;6;30;6;1;360;INVÁLIDO
whatever;10;17/05/2017 09:53:10;1;6;30;3;1;305;INVÁLIDO
whatever;10;17/05/2017 09:53:10;1;6;30;6;1;324;INVÁLIDO
whatever;10;17/05/2017 09:53:10;1;6;30;2;1;315;INVÁLIDO
whatever;10;17/05/2017 09:53:10;1;6;30;1;1;452;INVÁLIDO
whatever;10;17/05/2017 09:53:10;1;6;30;3;1;346;INVÁLIDO
whatever;10;17/05/2017 09:53:10;1;6;30;4;1;346;INVÁLIDO
whatever;10;17/05/2017 09:53:10;1;6;30;5;1;329;INVÁLIDO
whatever;10;17/05/2017 09:53:10;1;6;30;2;1;382;INVÁLIDO
whatever;10;17/05/2017 09:53:10;1;6;30;6;1;1107;INVÁLIDO
whatever;10;17/05/2017 09:53:10;1;6;30;1;1;371;INVÁLIDO
whatever;10;17/05/2017 09:53:10;1;6;30;2;1;381;INVÁLIDO
whatever;10;17/05/2017 09:53:10;1;6;30;2;1;358;INVÁLIDO
whatever;10;17/05/2017 09:53:10;1;6;30;1;1;344;INVÁLIDO
whatever;10;17/05/2017 09:53:10;1;6;30;5;1;353;INVÁLIDO
whatever;10;17/05/2017 09:53:10;1;6;30;5;1;366;INVÁLIDO
whatever;10;17/05/2017 09:53:10;1;6;30;6;1;353;INVÁLIDO
whatever;10;17/05/2017 09:53:10;1;6;30;3;1;371;INVÁLIDO
whatever;10;17/05/2017 09:53:10;1;6;30;4;1;345;INVÁLIDO
whatever;10;17/05/2017 09:53:10;1;6;30;5;1;320;INVÁLIDO
whatever;10;17/05/2017 09:53:10;1;6;30;4;1;336;INVÁLIDO
whatever;10;17/05/2017 09:53:10;1;6;30;5;1;364;INVÁLIDO
whatever;10;17/05/2017 09:53:10;1;6;30;1;1;375;INVÁLIDO
whatever;10;17/05/2017 09:53:10;1;6;30;6;1;358;INVÁLIDO
whatever;10;17/05/2017 09:53:10;1;6;30;2;1;393;INVÁLIDO
whatever;10;17/05/2017 09:53:10;1;6;30;1;1;380;INVÁLIDO
whatever;10;17/05/2017 09:53:10;1;6;30;3;1;396;INVÁLIDO
whatever;10;17/05/2017 09:53:10;1;6;30;4;1;369;INVÁLIDO
whatever;10;17/05/2017 09:53:10;1;6;30;6;1;388;INVÁLIDO
whatever;10;17/05/2017 09:53:10;1;6;30;3;1;409;INVÁLIDO
whatever;10;17/05/2017 09:53:10;1;6;30;5;1;400;INVÁLIDO
whatever;10;17/05/2017 09:53:10;1;6;30;5;1;402;INVÁLIDO
